Eesnimi ; Perekonnanimi; email ; password ; Osakond
Jadams ; justin.adams@metshein.com;mAms7
Ballen ; brandon.allen@metshein.com;lAAl6
Wanderson ; william.anderson@metshein.com;reod7
Oaust ; olivia.aust@metshein.com;tAut5
Obailey ; owen.bailey@metshein.com;ieyl7
Abaker ; austin.baker@metshein.com;aeer0
Cbarnes ; cole.barnes@metshein.com;Bane0
Hbauerlein ; hannah.bauerlein@metshein.com;Blru7
Ibauerle ; isabella.bauerle@metshein.com;rBel3
Sbehnke ; samantha.behnke@metshein.com;hkhB3
Lbell ; lucas.bell@metshein.com;llll9
Hbennett ; hayden.bennett@metshein.com;tteB3
Ableeker ; ashley.bleeker@metshein.com;eBBk1
Ableeke ; ava.bleeke@metshein.com;llke0
Abreyer ; alyssa.breyer@metshein.com;erer5
Jbrooks ; jesus.brooks@metshein.com;Boro7
Ebrown ; ethan.brown@metshein.com;nnrn4
Mbuesing ; mia.buesing@metshein.com;esne9
Nbusch ; natalie.busch@metshein.com;sBBc9
Jcampbell ; jordan.campbell@metshein.com;apea8
Tcarter ; thomas.carter@metshein.com;reta2
Cchristmann ; chloe.christmann@metshein.com;rarn6
Sclark ; samuel.clark@metshein.com;rrar1
Ccoleman ; chase.coleman@metshein.com;mlaC7
Icollins ; isaac.collins@metshein.com;llCl8
Ccook ; charles.cook@metshein.com;kkok6
Dcooper ; diego.cooper@metshein.com;orep8
Acox ; adam.cox@metshein.com;oxCx7
Adavis ; andrew.davis@metshein.com;Dava3
Bdiegelmann ; brianna.diegelmann@metshein.com;mnen6
Ldiener ; lauren.diener@metshein.com;eeen2
Edietrich ; ella.dietrich@metshein.com;Deti8
Adittmar ; anna.dittmar@metshein.com;ttDm9
Tdoering ; taylor.doering@metshein.com;geDn4
Kduehring ; kayla.duehring@metshein.com;hien3
Aedwards ; aiden.edwards@metshein.com;rsEd0
Hengeldinger ; hailey.engeldinger@metshein.com;eEEn3
Jerb ; jessica.erb@metshein.com;ErbE2
Cevans ; connor.evans@metshein.com;EEaE3
Veverding ; victoria.everding@metshein.com;vgie1
Jfalger ; jasmine.falger@metshein.com;rlle7
Sfettkenheuer ; sydney.fettkenheuer@metshein.com;ekrn6
Jfischer ; julia.fischer@metshein.com;sFic6
Dfleischer ; destiny.fleischer@metshein.com;eeee4
Kfleischmann ; kaitlyn.fleischmann@metshein.com;mnFl2
Mfleischhauer ; morgan.fleischhauer@metshein.com;eehr8
Sfranke ; savannah.franke@metshein.com;rFrF1
Kfuhr ; katherine.fuhr@metshein.com;ruuh5
Jgarcia ; john.garcia@metshein.com;raaG6
Ageisler ; alexandra.geisler@metshein.com;sles5
Rgeissler ; rachel.geissler@metshein.com;sGle3
Egonzalez ; evan.gonzalez@metshein.com;nznl0
Ngray ; nathaniel.gray@metshein.com;yrGa9
Cgreen ; caleb.green@metshein.com;GeGG8
Lguschke ; lily.guschke@metshein.com;khku4
Mhaegler ; megan.haegler@metshein.com;lllr1
Khagler ; kaylee.hagler@metshein.com;reeg6
Lhall ; logan.hall@metshein.com;laaa1
Nharris ; nicholas.harris@metshein.com;sHHs7
Jhausmann ; jennifer.hausmann@metshein.com;mnsa9
Ahaussmann ; angelina.haussmann@metshein.com;HsHH2
Mhedtke ; makayla.hedtke@metshein.com;eHHt4
Ahegler ; allison.hegler@metshein.com;rHlg3
Mheinitz ; maria.heinitz@metshein.com;zeii8
Whenderson ; wyatt.henderson@metshein.com;eedd2
Bhengel ; brooke.hengel@metshein.com;nnel1
Zhernandez ; zachary.hernandez@metshein.com;nnHz1
Lherzberg ; lillian.herzberg@metshein.com;beee2
Mherzog ; mackenzie.herzog@metshein.com;zHeg1
Therting ; trinity.herting@metshein.com;iHtr2
Fhesselbarth ; faith.hesselbarth@metshein.com;ease8
Shesselschwerdt ; sofia.hesselschwerdt@metshein.com;swHh6
Rheusmann ; riley.heusmann@metshein.com;enun6
Khill ; kevin.hill@metshein.com;lHll9
Ahoward ; adrian.howard@metshein.com;HadH0
Hhuesemann ; haley.huesemann@metshein.com;uens1
Ghuesmann ; gabrielle.huesmann@metshein.com;emma1
Nhuismann ; nicole.huismann@metshein.com;nnsn2
Khusemann ; kylie.husemann@metshein.com;nenn0
Khusmann ; katelyn.husmann@metshein.com;Hann4
Zhussmann ; zoe.hussmann@metshein.com;naum1
Rjackson ; ryan.jackson@metshein.com;saJJ1
Pjaeckel ; paige.jaeckel@metshein.com;eeal1
Ajames ; alex.james@metshein.com;mama5
Gjansen ; gabriella.jansen@metshein.com;aase9
Jjauernig ; jenna.jauernig@metshein.com;uaei4
Kjeckel ; kimberly.jeckel@metshein.com;eeJc4
Sjenkins ; steven.jenkins@metshein.com;nsns7
Mjohnson ; michael.johnson@metshein.com;hoJs0
Mjones ; matthew.jones@metshein.com;nJnJ9
Ajuergens ; alexa.juergens@metshein.com;segJ2
Sjuergen ; stephanie.juergen@metshein.com;engr8
Akaehlert ; avery.kaehlert@metshein.com;eerK0
Akaffenberger ; andrea.kaffenberger@metshein.com;ergf6
Lkeil ; leah.keil@metshein.com;KiKi5
Jkelly ; julian.kelly@metshein.com;llle8
Mkies ; madeline.kies@metshein.com;eies2
Jking ; jose.king@metshein.com;niig0
Nkirschenmann ; nevaeh.kirschenmann@metshein.com;scmi1
Ekliese ; evelyn.kliese@metshein.com;iiel3
Mknobloch ; maya.knobloch@metshein.com;cKol3
Mkuhnle ; mary.kuhnle@metshein.com;uhKl5
Dlee ; dylan.lee@metshein.com;LLeL2
Nlewis ; noah.lewis@metshein.com;ewsL3
Mliebscher ; michelle.liebscher@metshein.com;iice7
Jlimbach ; jada.limbach@metshein.com;Lbhi7
Slimbacher ; sara.limbacher@metshein.com;racr2
Alinnemann ; audrey.linnemann@metshein.com;nLnn3
Blinnenkohl ; brooklyn.linnenkohl@metshein.com;nkeL1
Vlohmeier ; vanessa.lohmeier@metshein.com;mrmi0
Alohwasser ; amanda.lohwasser@metshein.com;ohwh2
Slong ; sebastian.long@metshein.com;LoLL5
Alopez ; angel.lopez@metshein.com;oLpz5
Rludwig ; rebecca.ludwig@metshein.com;LwgL6
Aluedke ; ariana.luedke@metshein.com;ekdL4
Cluneburg ; caroline.luneburg@metshein.com;gLeL9
Alutz ; amelia.lutz@metshein.com;uzzL4
Mlux ; mariah.lux@metshein.com;uxxL8
Jmanthei ; jordan.manthei@metshein.com;tntM5
Jmartinez ; jonathan.martinez@metshein.com;iezz9
Tmartin ; tyler.martin@metshein.com;aaar3
Amauss ; arianna.mauss@metshein.com;asMs0
Imausz ; isabel.mausz@metshein.com;zaMu6
Jmenthey ; jocelyn.menthey@metshein.com;hnyn4
Mmetzger ; marissa.metzger@metshein.com;MtMt6
Ametzler ; autumn.metzler@metshein.com;lzrt9
Mmetzner ; melanie.metzner@metshein.com;eeee9
Dmiller ; daniel.miller@metshein.com;rell9
Lmitchell ; luke.mitchell@metshein.com;lhic7
Cmoore ; christopher.moore@metshein.com;eorM7
Amoosbrugger ; aaliyah.moosbrugger@metshein.com;egru9
Amorgan ; aaron.morgan@metshein.com;gMgM8
Hmorris ; hunter.morris@metshein.com;ssri6
Imuff ; isabelle.muff@metshein.com;Mufu5
Cmuhlberger ; claire.muhlberger@metshein.com;hrMr0
Gmuhlberg ; gracie.muhlberg@metshein.com;hueg5
Lmurphy ; luis.murphy@metshein.com;yhhy3
Mmusolff ; molly.musolff@metshein.com;Mluu8
Rnelson ; robert.nelson@metshein.com;elln0
Mnerger ; mya.nerger@metshein.com;reeg9
Dneusel ; diana.neusel@metshein.com;eele8
Kney ; katie.ney@metshein.com;yNyy5
Fnitz ; ferris.nitz@metshein.com;tizN4
Rnolte ; rodney.nolte@metshein.com;otot0
Gparker ; gavin.parker@metshein.com;rkaP4
Mperez ; mason.perez@metshein.com;rerz8
Tperry ; timothy.perry@metshein.com;ereP1
Ipeterson ; ian.peterson@metshein.com;erPs7
Iphillips ; isaiah.phillips@metshein.com;iPPp8
Dpowell ; dominic.powell@metshein.com;lwel7
Cprice ; carter.price@metshein.com;iePe3
Cramirez ; carlos.ramirez@metshein.com;imzm3
Jreed ; juan.reed@metshein.com;eeee1
Brichardson ; brian.richardson@metshein.com;cchc7
Lrivera ; landon.rivera@metshein.com;riar4
Aroberts ; aidan.roberts@metshein.com;bosb2
Nrobinson ; nathan.robinson@metshein.com;ooon2
Crodriguez ; christian.rodriguez@metshein.com;uirg3
Jrogers ; jayden.rogers@metshein.com;reeg0
Bross ; brayden.ross@metshein.com;Rsso7
Csanchez ; cameron.sanchez@metshein.com;ehch0
Ssanders ; sean.sanders@metshein.com;Snrr1
Jscott ; jack.scott@metshein.com;cocc8
Jstewart ; jason.stewart@metshein.com;ewte7
Jtaylor ; joseph.taylor@metshein.com;aTTa5
Athomas ; alexander.thomas@metshein.com;shoT8
Jthompson ; james.thompson@metshein.com;oooT6
Etorres ; eric.torres@metshein.com;rToo5
Jturner ; jackson.turner@metshein.com;uerr4
Bwalker ; benjamin.walker@metshein.com;aWWr5
Kward ; kyle.ward@metshein.com;raWr4
Bwatson ; bryan.watson@metshein.com;otns7
Dwhite ; david.white@metshein.com;ehie2
Jwilliams ; joshua.williams@metshein.com;iiil8
Awilson ; anthony.wilson@metshein.com;WWiW9
Jwood ; jeremiah.wood@metshein.com;WWoW4
Ewright ; elijah.wright@metshein.com;hrWi4
Gyoung ; gabriel.young@metshein.com;Yunu3
