email;password
Cliebermann ; caprice.liebermann@metshein.com;aaar8
Wlegon ; winifield.legon@metshein.com;eLLo5
Jfetherby ; josias.fetherby@metshein.com;yyee3
Rgravenell ; ronny.gravenell@metshein.com;evea0
Kclapson ; kaitlin.clapson@metshein.com;Clnn2
Mpentony ; malachi.pentony@metshein.com;nntP7
Pharryman ; pearle.harryman@metshein.com;ryya2
Kmarrion ; kyle.marrion@metshein.com;Maai6
Hstiles ; howey.stiles@metshein.com;SseS0
Ecodman ; elna.codman@metshein.com;adnm3
Dbartoli ; dian.bartoli@metshein.com;tBil3
Msaladino ; marvin.saladino@metshein.com;inSa1
Gabeau ; garrek.abeau@metshein.com;babA1
Wwalhedd ; willetta.walhedd@metshein.com;hall9
Ddedenham ; dionysus.dedenham@metshein.com;mDnm4
Tboothby ; teodoor.boothby@metshein.com;bboh1
Icuttle ; ikey.cuttle@metshein.com;tCCt7
Jbetteridge ; jabez.betteridge@metshein.com;drBr3
Mpeirpoint ; melesa.peirpoint@metshein.com;irii7
Civanchin ; clemmy.ivanchin@metshein.com;ianh3
Freddish ; frasco.reddish@metshein.com;dddR4
Aterne ; alicea.terne@metshein.com;ereT8
Kwhiteford ; kyle.whiteford@metshein.com;oWWf7
Tehlerding ; torrin.ehlerding@metshein.com;nErd4
Pfidell ; penelopa.fidell@metshein.com;llle2
Ahastilow ; alexina.hastilow@metshein.com;owos2
Kwhyteman ; kordula.whyteman@metshein.com;aeyt5
Tbendall ; teodora.bendall@metshein.com;BlBB9
Njarrelt ; nicky.jarrelt@metshein.com;taJa3
Bnewman ; bucky.newman@metshein.com;meNN3
Krance ; kandace.rance@metshein.com;aaaa9
Gstigell ; gayla.stigell@metshein.com;SgSe4
Cgrenshiels ; candra.grenshiels@metshein.com;shes7
Gchidzoy ; gwenore.chidzoy@metshein.com;Chhy3
Lfairman ; luise.fairman@metshein.com;Fmar6
Pessberger ; phillipp.essberger@metshein.com;Eres7
Ddranfield ; darlleen.dranfield@metshein.com;aili5
Cruppert ; creighton.ruppert@metshein.com;purp2
Jgillicuddy ; juan.gillicuddy@metshein.com;lddl0
Rrauprich ; renaud.rauprich@metshein.com;rhhu0
Bsyson ; barnie.syson@metshein.com;sSoS0
Astarrs ; aggie.starrs@metshein.com;trts0
Mhensmans ; mollee.hensmans@metshein.com;Hnas7
Khawker ; kakalina.hawker@metshein.com;wakw6
Jyuille ; jessalyn.yuille@metshein.com;llie0
Jmatushenko ; johannes.matushenko@metshein.com;ohku5
Efairholme ; emelita.fairholme@metshein.com;lhhl5
Hkineton ; hulda.kineton@metshein.com;ttni4
Cgrog ; celka.grog@metshein.com;Grgr6
Gbrounsell ; gil.brounsell@metshein.com;llns3
Bwilleman ; bill.willeman@metshein.com;iemm1
Glabbett ; gustavus.labbett@metshein.com;bbba5
Amactrustrie ; arley.mactrustrie@metshein.com;teau7
Rdi frisco ; rogerio.di frisco@metshein.com;iioc1
Dkenryd ; dredi.kenryd@metshein.com;yddn0
Chaskey ; chrystal.haskey@metshein.com;yaae1
Ctryhorn ; colene.tryhorn@metshein.com;rnon4
Lscamadin ; leontine.scamadin@metshein.com;dani0
Kkingscote ; karin.kingscote@metshein.com;cces5
Cewan ; carena.ewan@metshein.com;nnaw8
Ggash ; glynis.gash@metshein.com;hshs6
Mbog ; margalit.bog@metshein.com;goog8
Hniblett ; hunfredo.niblett@metshein.com;biNt1
Mkoeppe ; maison.koeppe@metshein.com;ppee9
Wmcdonogh ; winfield.mcdonogh@metshein.com;hocg6
Abellenger ; averil.bellenger@metshein.com;nBlr1
Lfishby ; lane.fishby@metshein.com;bisy2
Ude la salle ; ursala.de la salle@metshein.com;lllD4
Lutteridge ; lela.utteridge@metshein.com;eitg4
Ibarkly ; ingelbert.barkly@metshein.com;yaay2
Bcanto ; bo.canto@metshein.com;nttC3
Amattioli ; axe.mattioli@metshein.com;itoa4
Bratnage ; bud.ratnage@metshein.com;taaa1
Gtredgold ; gerhardt.tredgold@metshein.com;eoTd3
Tmacvanamy ; thaxter.macvanamy@metshein.com;VyMV1
Jfishbourne ; joelynn.fishbourne@metshein.com;hFnn3
Mbru ; meryl.bru@metshein.com;Buur4
Ewoodruffe ; emery.woodruffe@metshein.com;ffWf1
Gguterson ; germana.guterson@metshein.com;nurr3
Skeers ; silvester.keers@metshein.com;Keee0
Dharmar ; dacy.harmar@metshein.com;mHHr6
Rredgewell ; rutledge.redgewell@metshein.com;Reed7
Ihugle ; isabelle.hugle@metshein.com;eeuu8
Ilothean ; ileane.lothean@metshein.com;nhtn3
Aarnaut ; ardith.arnaut@metshein.com;atnt2
Pdavidovici ; pietro.davidovici@metshein.com;vDiv1
Kshales ; kristen.shales@metshein.com;Saes7
Cklimmek ; court.klimmek@metshein.com;llmk9
Cshedden ; chelsea.shedden@metshein.com;dSdd4
Jtenney ; jamie.tenney@metshein.com;eyee3
Jgasparro ; jeni.gasparro@metshein.com;roor6
Wmallabund ; willdon.mallabund@metshein.com;allb9
Ralgy ; ross.algy@metshein.com;lAyl1
Idiperaus ; inigo.diperaus@metshein.com;esre1
Mellicott ; mabelle.ellicott@metshein.com;lool0
Floade ; forrester.loade@metshein.com;edLa7
Nwood ; natalya.wood@metshein.com;dodo2
Emcquarter ; ede.mcquarter@metshein.com;uMar1
Kbomb ; kalie.bomb@metshein.com;mbmm8
Fwonfor ; fairfax.wonfor@metshein.com;oWWo6
